MAE,R2
6337.884251594083,0.4153430682656587
